ebb324,127.0.0.1,GET,http://microcms/admin,1474102173,,200
89b655,127.0.0.1,GET,http://microcms/dummy,1474102769,,404
736b0f,127.0.0.1,GET,http://localhost/,1474104497,,200
b1d139,127.0.0.1,GET,http://localhost/article/1,1474104497,,200
48780a,127.0.0.1,GET,http://localhost/login,1474104497,,200
425204,127.0.0.1,GET,http://localhost/admin,1474104497,,200
2ec55f,127.0.0.1,GET,http://localhost/admin/article/add,1474104497,,200
c72e5d,127.0.0.1,GET,http://localhost/admin/article/1/edit,1474104497,,200
20c74f,127.0.0.1,GET,http://localhost/admin/comment/1/edit,1474104497,,200
f75ae8,127.0.0.1,GET,http://localhost/admin/user/add,1474104497,,200
582a1d,127.0.0.1,GET,http://localhost/admin/user/1/edit,1474104497,,200
c1fed1,127.0.0.1,GET,http://microcms/dummy,1474111563,,404
1a33f4,127.0.0.1,GET,http://microcms/dummy,1474356144,,404
714f01,127.0.0.1,GET,http://microcms/,1476008499,,200
9d4fee,127.0.0.1,GET,http://microcms/,1476008539,,404
768ea6,127.0.0.1,GET,http://microcms/kiki,1476008545,,200
de43d5,127.0.0.1,GET,http://microcms/kiki,1476008568,,404
751132,127.0.0.1,GET,http://microcms/kiki,1476008576,,404
2cfa70,127.0.0.1,GET,http://microcms/,1476008583,,200
18be10,127.0.0.1,GET,http://microcms/,1476008595,,500
327e4f,127.0.0.1,GET,http://microcms/,1476008606,,200
78ff16,127.0.0.1,GET,http://microcms/,1476010521,,200
4eb0ca,127.0.0.1,GET,http://microcms/,1476010701,,200
33e9a2,127.0.0.1,GET,http://microcms/,1476011906,,200
470686,127.0.0.1,GET,http://microcms/,1476011906,,200
ebb37a,127.0.0.1,GET,http://microcms/,1476012238,,200
42d687,127.0.0.1,GET,http://microcms/,1476012436,,200
35f28f,127.0.0.1,GET,http://microcms/,1476012437,,200
8ceb2d,127.0.0.1,GET,http://microcms/dummy,1476080606,,404
caf2d9,127.0.0.1,GET,http://microcms/dummy,1476184352,,404
f551e9,127.0.0.1,GET,http://microcms/dummy,1476301541,,404
b9ad0a,127.0.0.1,GET,http://microcms/dummy,1476373596,,404
